targetid,survey,program,desi_target,mean_fiber_ra,mean_fiber_dec,z,zwarn,spectype,desiname,specid,redshift
39633529264409368,main,bright,1152921504606846976,149.1027935911309,75.5268255750318,0.2152996342858252,0,GALAXY,DESI J149.1027+75.5268,3.963352926440937e+16,0.21529963428582521
39627865460837956,main,bright,1152921504606846976,132.3317739262429,3.281759064312665,0.2936855866907948,0,GALAXY,DESI J132.3317+03.2817,3.962786546083795e+16,0.29368558669079475
39633473975095496,main,bright,1152921504606846976,95.58607490141765,68.27491136397032,0.3336275150694417,0,QSO,DESI J095.5861+68.2749,3.9633473975095496e+16,0.33362751506944166
39627859936938804,main,bright,1152921504606846976,162.9024293858521,3.009161847422847,0.1559770165223386,0,GALAXY,DESI J162.9024+03.0091,3.96278599369388e+16,0.15597701652233856
39627714415562208,main,bright,1152921504606846976,129.1434268634789,-2.904397865942137,0.08758071913529017,0,GALAXY,DESI J129.1434-02.9044,3.962771441556221e+16,0.08758071913529017
39627699806800539,main,bright,1152921504606846976,337.3548400461035,-3.861989441351771,0.2697122027396874,0,GALAXY,DESI J337.3548-03.8619,3.9627699806800536e+16,0.26971220273968743
39628449463144103,main,bright,1152921504606846976,207.7436175326886,28.6222209725437,0.221065025856148,0,GALAXY,DESI J207.7436+28.6222,3.9628449463144104e+16,0.22106502585614798
39627938307508523,main,bright,1152921504606846976,166.0469872700889,6.309145718654551,0.1185592068242021,0,GALAXY,DESI J166.0469+06.3091,3.962793830750852e+16,0.1185592068242021
39628182265010148,main,bright,1152921504606846976,243.0386307716681,16.3892237259206,0.4410799719880018,0,GALAXY,DESI J243.0386+16.3892,3.962818226501014e+16,0.44107997198800175
39633119124390904,main,bright,1152921504606846976,272.9203478739055,42.33275104184089,0.05307305027900262,0,GALAXY,DESI J272.9203+42.3327,3.9633119124390904e+16,0.05307305027900262
39627685227397168,main,bright,1152921504606846976,187.0114207786679,-4.286800547441778,0.2332141925642909,0,GALAXY,DESI J187.0114-04.2867,3.962768522739717e+16,0.23321419256429085
39632945975135394,main,bright,1152921504606846976,195.2037281572644,33.25104368353845,0.152382091337684,0,GALAXY,DESI J195.2037+33.2510,3.963294597513539e+16,0.15238209133768404
39627702415656739,main,bright,1152921504606846976,133.0262794125464,-3.44483925405932,0.07034033828306202,0,GALAXY,DESI J133.0262-03.4448,3.962770241565674e+16,0.07034033828306202
39632951096378272,main,bright,1152921504606846976,199.8064327864895,33.60560798959879,0.0785255966782927,0,GALAXY,DESI J199.8064+33.6056,3.963295109637827e+16,0.0785255966782927
39633282316372802,main,bright,1152921504606846976,181.1179093683896,52.26597733288473,0.1988173603497167,0,GALAXY,DESI J181.1179+52.2659,3.96332823163728e+16,0.19881736034971667
39633192021396877,main,bright,1152921504606846976,218.7307848520159,46.53367629116874,0.3122872854268616,0,GALAXY,DESI J218.7308+46.5336,3.963319202139688e+16,0.3122872854268616
39627841918207895,main,bright,1152921504606846976,168.8427959119252,2.310473506834978,0.2848619338771344,0,GALAXY,DESI J168.8427+02.3104,3.9627841918207896e+16,0.28486193387713443
39627849027556269,main,bright,1152921504606846976,232.6947572081551,2.521205569752619,0.3439924473855241,0,GALAXY,DESI J232.6947+02.5212,3.962784902755627e+16,0.34399244738552415
39632995727969521,main,dark,1152921504606847233,185.4292453427995,35.6887880918139,0.4609138030515272,0,GALAXY,DESI J185.4292+35.6887,3.963299572796952e+16,0.4610675767090587
39627808296667843,main,bright,1152921504606846976,324.824830953597,0.7974807755708717,0.2477659189547321,0,GALAXY,DESI J324.8248+00.7974,3.962780829666784e+16,0.2477659189547321
39628003981922731,main,bright,5764607523034234880,151.8686881933749,8.876526675784865,0.1372651758594015,0,GALAXY,DESI J151.8686+08.8765,3.962800398192273e+16,0.13726517585940146
39627756983551904,main,bright,1152921504606846976,146.3603824807425,-1.20746789372835,0.2708862646558794,0,GALAXY,DESI J146.3603-01.2074,3.96277569835519e+16,0.27088626465587945
39627752403373308,main,bright,1152921504606846976,233.4225896984188,-1.474909908463942,0.3134917366442952,0,GALAXY,DESI J233.4226-01.4749,3.962775240337331e+16,0.31349173664429525
39633474327414887,main,bright,1152921504606846976,151.6419570549935,68.32829083502709,0.180446427342317,0,GALAXY,DESI J151.6419+68.3282,3.963347432741489e+16,0.18044642734231703
39633455725677378,main,bright,1152921504606846976,184.8518291392694,66.31429660504493,0.2730061049153528,0,GALAXY,DESI J184.8518+66.3142,3.963345572567738e+16,0.27300610491535277
39627847337250711,main,bright,1152921504606846976,131.9265755735667,2.415149615437869,0.2096339583435883,0,GALAXY,DESI J131.9265+02.4151,3.962784733725071e+16,0.20963395834358833
39633369163631529,main,dark,1152921504606847233,261.7722962482051,58.37517503688509,0.4885901218911926,0,GALAXY,DESI J261.7723+58.3752,3.963336916363153e+16,0.48859012189119255
39628368978645606,main,bright,1152921504606912513,248.6404554773176,24.70161291184593,0.4731146161688833,0,GALAXY,DESI J248.6404+24.7016,3.962836897864561e+16,0.47311461616888334
39627965285270775,main,bright,5764607523034234880,343.9573241110706,7.255545192316831,0.2327334712350782,0,GALAXY,DESI J343.9573+07.2555,3.9627965285270776e+16,0.23273347123507818
39627773131625322,main,bright,5764607523034234880,28.89291233931982,-0.4420537954151171,0.1506104107278765,0,GALAXY,DESI J028.8929-00.4420,3.962777313162532e+16,0.1506104107278765
39633285420156322,main,bright,1152921504606846976,122.4486137265669,52.38535841053676,0.2815850373491163,0,GALAXY,DESI J122.4485+52.3853,3.963328542015632e+16,0.28158503734911633
39633476533619632,main,bright,1152921504606846976,145.3668799374011,68.6116378506483,0.2697534015466695,0,GALAXY,DESI J145.3668+68.6116,3.963347653361963e+16,0.26975340154666955
39627803490001439,main,bright,1152921504606912513,38.48278189884832,0.6521784004535605,0.3716738574107604,0,GALAXY,DESI J038.4827+00.6521,3.962780349000144e+16,0.3716738574107604
39627655733054333,main,bright,1152921504606846976,224.2986657786089,-5.507912751772924,0.214528514182399,0,GALAXY,DESI J224.2986-05.5079,3.962765573305434e+16,0.21452851418239904
39633054695689156,main,bright,1152921504606846976,271.9130193569401,38.75326263289371,0.3037890804984301,0,GALAXY,DESI J271.9130+38.7532,3.963305469568915e+16,0.30378908049843006
39627766206828064,main,bright,1152921504606846976,336.087901400425,-0.9800097261571988,0.1328628621361124,0,GALAXY,DESI J336.0879-00.9800,3.962776620682806e+16,0.13286286213611237
39633522893260356,main,bright,1152921504606846976,136.8909083406942,74.40363299702759,0.1192832542440048,0,GALAXY,DESI J136.8910+74.4036,3.963352289326035e+16,0.11928325424400484
39628512591610725,main,bright,1152921504606846976,226.0104170266725,31.54046660729169,0.2162898568280594,0,GALAXY,DESI J226.0104+31.5404,3.962851259161073e+16,0.2162898568280594
39628084667748825,main,bright,5764607523034234880,1.514581397505879,12.61981204801352,0.2626366265832657,2,GALAXY,DESI J001.5145+12.6197,3.9628084667748824e+16,0.2626366265832657
39633405675045471,main,bright,1152921504606846976,280.7416102175505,61.40484459066462,0.2937785620094047,0,GALAXY,DESI J280.7416+61.4048,3.963340567504547e+16,0.2937785620094047
39636927640503426,main,bright,1152921504606846976,350.2926243763706,14.28475740439041,0.325483426379682,0,GALAXY,DESI J350.2926+14.2847,3.963692764050342e+16,0.32548342637968203
39628042758260682,main,bright,1152921504606846976,334.9564131534373,10.44363434058313,0.5081923382849095,0,GALAXY,DESI J334.9564+10.4436,3.962804275826068e+16,0.5081923382849095
39633541880874612,main,bright,1152921504606846976,114.3452854143168,77.84087466602936,0.2843199074361853,0,GALAXY,DESI J114.3452+77.8408,3.963354188087461e+16,0.28431990743618535
39633362192697854,main,bright,1152921504606846976,195.388197749265,57.90705553782559,0.05410987317445876,0,GALAXY,DESI J195.3881+57.9070,3.963336219269786e+16,0.05410987317445876
39628300234005530,main,bright,5764607523034234880,115.7884092728503,21.82889850437583,0.2824368115257713,0,GALAXY,DESI J115.7884+21.8288,3.962830023400553e+16,0.28243681152577127
39627945085505679,main,bright,1152921504606846976,212.364188501978,6.459139714618733,0.1118384189066731,0,GALAXY,DESI J212.3641+06.4591,3.962794508550568e+16,0.11183841890667309
39628015973437123,main,bright,1152921504606846976,155.3806284814403,9.397858854820786,0.08399675458373955,0,GALAXY,DESI J155.3806+09.3978,3.962801597343712e+16,0.08399675458373955
39633386997810842,main,bright,1152921504606847233,171.777030594282,59.94255955159116,0.4367518999491599,0,GALAXY,DESI J171.7770+59.9425,3.963338699781084e+16,0.43675189994915986
39632930863058405,main,dark,1152921504606847233,204.8013700163795,32.42814190489324,0.4307423657278981,0,GALAXY,DESI J204.8013+32.4281,3.963293086305841e+16,0.4307423657278981
39628341250097612,main,bright,1152921504606846976,239.9316236090215,23.45417610932069,0.3088424625041294,0,GALAXY,DESI J239.9316+23.4542,3.962834125009762e+16,0.30884246250412944
39627863627929218,main,bright,1152921504606846976,22.93596827324706,3.360997725316536,0.03907829010211615,0,GALAXY,DESI J022.9359+03.3609,3.962786362792922e+16,0.03907829010211615
39633441137886729,main,bright,1152921504606846976,259.4405968245593,64.64717382326356,0.2531427044755536,0,GALAXY,DESI J259.4406+64.6471,3.963344113788673e+16,0.2531427044755536
39627700805047474,main,bright,5764607523034234880,36.93435006599657,-3.596376964098364,0.05303600657149735,0,GALAXY,DESI J036.9343-03.5964,3.962770080504747e+16,0.053036006571497346
39627872066863697,main,bright,1152921504606846976,166.50610427903,3.465200388373646,0.3671604591119284,0,GALAXY,DESI J166.5061+03.4651,3.96278720668637e+16,0.3671604591119284
39633540760996033,main,bright,5764607523034234880,168.2553208681396,77.58865405127675,0.1185264408089924,0,GALAXY,DESI J168.2552+77.5886,3.963354076099603e+16,0.11852644080899237
39627909408752161,main,bright,1152921504606846976,236.6739532441022,5.040639480199846,0.1177708598176156,0,GALAXY,DESI J236.6738+05.0406,3.962790940875216e+16,0.11777085981761559
39627558794302860,main,dark,3458764513820803076,160.9778951427052,-9.601710962289886,0.3491624120510872,0,QSO,DESI J160.9778-09.6016,3.962755879430286e+16,0.3491624120510872
39628409227183750,main,bright,5764607523034234880,26.39431155293897,26.78481355060685,0.0746000561607202,0,GALAXY,DESI J026.3942+26.7847,3.962840922718375e+16,0.0746000561607202
39633516060739071,main,bright,1152921504606846976,113.9814123124577,73.3808876782694,-0.0002358537045270954,0,STAR,DESI J113.9815+73.3808,3.963351606073907e+16,-0.00023585370452709536
39627974814729552,main,bright,1152921504606846976,196.2036896551879,7.812874235596429,0.5182338767969709,0,GALAXY,DESI J196.2036+07.8128,3.962797481472955e+16,0.5182338767969709
39632987049956519,main,bright,1152921504606846976,271.6458475925538,35.37295862234874,-5.179021590514147e-06,0,GALAXY,DESI J271.6458+35.3729,3.963298704995652e+16,-5.179021590514147e-06
39628027927204537,main,bright,1152921504606846976,157.6887204997423,9.945517788150962,0.2182309845590993,0,GALAXY,DESI J157.6887+09.9455,3.9628027927204536e+16,0.21825321071180032
39627848574567853,main,dark,1152921504606912513,205.5565589898213,2.404697763656909,0.4992649206530015,0,GALAXY,DESI J205.5565+02.4047,3.962784857456786e+16,0.49926492065300154
39628096151753513,main,bright,1152921504606846976,342.0262141152427,12.67030743103646,0.270119450996454,0,GALAXY,DESI J342.0262+12.6703,3.962809615175351e+16,0.270119450996454
39633345126072383,main,bright,1152921504606847233,117.8902156893067,56.74167555236858,0.3695822942886248,0,GALAXY,DESI J117.8902+56.7416,3.963334512607238e+16,0.36958229428862477
39627666705352263,main,bright,1152921504606846976,160.2929059529326,-5.112785856255757,0.288354245440012,0,GALAXY,DESI J160.2928-05.1127,3.9627666705352264e+16,0.288354245440012
39628039763526683,main,bright,1152921504606846976,153.6474333066942,10.51855850583863,0.3889150953979544,0,GALAXY,DESI J153.6474+10.5185,3.962803976352668e+16,0.3889150953979544
39627672954866814,main,bright,1152921504606846976,173.8697855578276,-4.766563603092818,0.2720070897887383,0,GALAXY,DESI J173.8697-04.7665,3.962767295486682e+16,0.2720070897887383
39627695218233281,main,bright,1152921504606846976,63.52596947764044,-3.716704754776781,0.3161375177052802,0,GALAXY,DESI J063.5259-03.7166,3.962769521823328e+16,0.3161375177052802
39633015583802421,main,bright,5764607523034234880,209.6704969038572,36.77766686492966,0.01154355117089905,0,GALAXY,DESI J209.6704+36.7776,3.9633015583802424e+16,0.011543551170899053
39633170924045532,main,bright,1152921504606846976,217.5923699218724,45.21943588189662,0.3753208163764508,0,GALAXY,DESI J217.5923+45.2194,3.963317092404554e+16,0.37532081637645076
39627648808256189,main,bright,1152921504606846976,169.7425953515493,-5.641346897144108,0.06278356639572229,0,GALAXY,DESI J169.7425-05.6413,3.962764880825619e+16,0.06278356639572229
39628399693531998,main,dark,1152921504606912513,113.3553414993964,26.25937873652558,0.4443636712401929,0,GALAXY,DESI J113.3553+26.2593,3.9628399693532e+16,0.4441891431974506
39633541901846899,main,bright,1152921504606846976,120.2612149075989,77.67929086681167,0.1363213746727626,0,GALAXY,DESI J120.2611+77.6792,3.96335419018469e+16,0.13632137467276265
39628181887519707,main,bright,1152921504606846976,219.4844170040448,16.55787198979499,0.1058689799968868,0,GALAXY,DESI J219.4844+16.5578,3.9628181887519704e+16,0.10586897999688676
39633527846733657,main,bright,1152921504606846976,177.5676202961661,75.3623137742662,0.2704644909067529,0,GALAXY,DESI J177.5675+75.3623,3.9633527846733656e+16,0.2704644909067529
39633483038984965,main,bright,1152921504606846976,131.574817786283,69.19912857196469,0.2248243397653505,0,GALAXY,DESI J131.5747+69.1991,3.963348303898497e+16,0.22482433976535054
39628262577538051,main,bright,1152921504606846976,236.8749723517707,20.00897770989582,0.07016903183152269,0,GALAXY,DESI J236.8749+20.0089,3.962826257753805e+16,0.07016903183152269
39633279082564947,main,bright,1152921504606846976,228.506288476043,52.07515190583798,0.09283620752679178,0,GALAXY,DESI J228.5063+52.0751,3.963327908256494e+16,0.09283620752679178
39633044537085320,main,bright,5764607523034234880,219.9126831755331,38.22505770498908,0.1987424492839308,0,GALAXY,DESI J219.9126+38.2250,3.963304453708532e+16,0.19874244928393076
39627854585007593,main,bright,1152921504606846976,203.8976554936808,2.749781903789386,0.2587777712022659,0,GALAXY,DESI J203.8976+02.7497,3.962785458500759e+16,0.2587777712022659
39627892753171457,main,bright,5764607523034234880,321.2308943936736,4.192605778200374,0.09810223690043474,0,GALAXY,DESI J321.2309+04.1925,3.962789275317146e+16,0.09810223690043474
39627637382974971,main,bright,1152921504606846976,205.7804047162742,-6.295534195175762,0.2357317090221243,0,GALAXY,DESI J205.7803-06.2955,3.962763738297497e+16,0.23573170902212431
39628209125329278,main,bright,1152921504606846976,115.9107466617024,17.80499539135673,0.09831824385289616,0,GALAXY,DESI J115.9107+17.8049,3.962820912532928e+16,0.09831824385289616
39633275160888235,main,bright,1152921504606846976,210.7232284117246,51.83619653888033,0.2181589156602693,0,GALAXY,DESI J210.7232+51.8361,3.963327516088823e+16,0.21815891566026932
39628003520545442,main,bright,1152921504606846976,123.9008688444941,9.006391746612916,0.2687665555722362,0,GALAXY,DESI J123.9008+09.0063,3.962800352054544e+16,0.2687665555722362
39627715631908057,main,bright,1152921504606846976,201.5532751318134,-2.989061492240822,0.08099133709234002,0,GALAXY,DESI J201.5532-02.9890,3.9627715631908056e+16,0.08099133709234002
39628003864482074,main,bright,1152921504606846976,144.8457821513237,9.069366949663893,0.2130382786138335,0,GALAXY,DESI J144.8457+09.0693,3.962800386448207e+16,0.2130382786138335
39628454915739853,main,bright,1152921504606846976,217.5709471243152,28.87084310704644,0.1188460581911036,0,GALAXY,DESI J217.5709+28.8708,3.962845491573986e+16,0.11884605819110361
39627697252467558,main,bright,1152921504606846976,184.7905447065193,-3.768657414942266,0.116873136954795,0,GALAXY,DESI J184.7905-03.7686,3.962769725246756e+16,0.11687313695479501
39633375601888554,main,bright,1152921504606846976,279.2322697574861,59.08220725688589,0.2287401944921149,0,GALAXY,DESI J279.2323+59.0821,3.963337560188855e+16,0.22874019449211486
39628249453560304,main,bright,1152921504606846976,127.348630968215,19.60736348404619,0.2236111295431347,0,GALAXY,DESI J127.3487+19.6073,3.96282494535603e+16,0.22361112954313472
39628264561446446,main,dark,65537,2.561445968409942,20.19529917536152,0.6593768944255367,0,GALAXY,DESI J002.5614+20.1953,3.962826456144645e+16,0.6593768944255367
39627618982563290,main,dark,65537,182.701783303053,-6.924822315107776,0.847624475638279,0,GALAXY,DESI J182.7017-06.9248,3.962761898256329e+16,0.847624475638279
39628422246306191,main,dark,65537,175.4682331662216,27.21846995500599,0.7003808506951189,0,GALAXY,DESI J175.4682+27.2184,3.962842224630619e+16,0.7003808506951189
39627551403935061,main,dark,65537,74.34443644567511,-9.871789385320332,0.9073263309856132,0,GALAXY,DESI J074.3444-09.8718,3.9627551403935064e+16,0.9073263309856132
39628033459487496,main,dark,65537,132.0516422446308,10.37430243079405,0.7214349822240528,0,GALAXY,DESI J132.0516+10.3743,3.9628033459487496e+16,0.7214349822240528
39628470917007906,main,dark,1152921504606912513,227.7039034549302,29.47040433207933,0.4269454874155065,0,GALAXY,DESI J227.7038+29.4704,3.96284709170079e+16,0.42694548741550653
39628048974218009,main,dark,65537,351.6390512089964,10.63772050213436,0.8557533939287832,0,GALAXY,DESI J351.6390+10.6377,3.962804897421801e+16,0.8557533939287832
39632970897687508,main,dark,257,180.0756511755061,34.43018767854034,0.7611284850889879,0,GALAXY,DESI J180.0756+34.4302,3.96329708976875e+16,0.7611284850889879
39627951456650729,main,dark,65537,234.1064374175029,6.639835921510414,0.4417105951863853,0,GALAXY,DESI J234.1064+06.6398,3.962795145665073e+16,0.4417105951863853
39627587051327925,main,dark,1152921504606912513,64.33741234694617,-8.221350747034153,0.6661624023210483,0,GALAXY,DESI J064.3374-08.2213,3.962758705132793e+16,0.6259019985714465
39632989788833314,main,dark,257,111.2173340039032,35.52915497699164,0.9887605633319161,0,GALAXY,DESI J111.2173+35.5291,3.963298978883331e+16,0.9887605633319161
39627979717874904,main,dark,65537,131.0864253952652,7.885627172777668,0.8935138502149872,0,GALAXY,DESI J131.0864+07.8856,3.9627979717874904e+16,0.8935138502149872
39627613446080383,main,dark,1152921504606912513,210.300385190111,-7.355551114992867,0.3510183416511549,0,GALAXY,DESI J210.3004-07.3555,3.962761344608038e+16,0.3510183416511549
39633095602736722,main,dark,257,202.6931038111818,41.05032750777959,1.173213635248012,0,GALAXY,DESI J202.6931+41.0503,3.963309560273672e+16,1.1732136352480123
39633096387071411,main,dark,1152921504606847233,264.4290166619019,40.99253974995335,0.4384859438318686,0,QSO,DESI J264.4289+40.9925,3.963309638707141e+16,0.43848594383186856
39627676893320002,main,dark,65537,49.36674782614176,-4.624539450916274,0.9704925633925754,0,GALAXY,DESI J049.3667-04.6244,3.962767689332e+16,0.9704925633925754
39627601005777969,main,dark,65537,183.4753433627546,-7.81935776008178,0.8019638406884937,0,GALAXY,DESI J183.4753-07.8193,3.962760100577797e+16,0.8019638406884937
39633480878915693,main,dark,257,132.9442125492461,68.88527193892271,0.506509690398377,0,GALAXY,DESI J132.9441+68.8852,3.96334808789157e+16,0.506509690398377
39628017395307047,main,dark,4611686018428370983,241.2456022097267,9.482934486236763,0.9012572509443098,0,QSO,DESI J241.2456+09.4829,3.962801739530705e+16,0.9012572509443098
39633459982896925,main,dark,257,96.23214823809138,66.84826951202105,0.9889664057410479,0,GALAXY,DESI J096.2320+66.8482,3.963345998289693e+16,0.9889664057410479
39627892698644708,main,dark,1152921504606912513,317.9466754732302,4.246352958426858,0.4129207460557545,0,GALAXY,DESI J317.9466+04.2463,3.96278926986447e+16,0.4128373859304888
39633019614528049,main,dark,257,149.4257881853047,37.11036365026958,1.204076808240369,0,GALAXY,DESI J149.4257+37.1103,3.963301961452805e+16,1.2040768082403692
39633053840049845,main,dark,257,206.6583486466567,38.75047450844654,0.873724674084584,0,GALAXY,DESI J206.6583+38.7504,3.963305384004985e+16,0.873724674084584
39628160282661655,main,bright,1152921504606912513,321.0520138834327,15.41304388121059,0.3653594431129129,0,GALAXY,DESI J321.0519+15.4130,3.9628160282661656e+16,0.36535944311291285
39632961422756753,main,dark,257,218.7342604058662,34.00664219350215,0.6788997034902478,0,GALAXY,DESI J218.7343+34.0066,3.963296142275675e+16,0.6791969380090443
39633035171204667,main,dark,257,233.2341723993582,37.76769547479313,0.7912784651854109,0,GALAXY,DESI J233.2341+37.7676,3.9633035171204664e+16,0.7912784651854109
39633183771199145,main,bright,1152921504606847233,229.6580196682187,45.8902380709291,0.4465177911265719,0,GALAXY,DESI J229.6580+45.8902,3.9633183771199144e+16,0.44651779112657186
39627806446979095,main,dark,65537,214.5775523547541,0.8684596673917258,0.8805546463407844,0,GALAXY,DESI J214.5775+00.8684,3.9627806446979096e+16,0.8805546463407844
39627884746248633,main,dark,1152921504606912513,203.5212333923595,4.026262964510607,0.5311065501563601,0,GALAXY,DESI J203.5212+04.0262,3.962788474624863e+16,0.531080781983174
39628022969536768,main,dark,65537,217.9632446802035,9.706462873172013,0.895564602442276,0,GALAXY,DESI J217.9632+09.7064,3.962802296953677e+16,0.895564602442276
39628518170034812,main,dark,65537,255.6636621296727,31.73546348696581,0.8002981631136049,0,GALAXY,DESI J255.6636+31.7354,3.962851817003482e+16,0.8002981631136049
39627631213151837,main,dark,65537,195.9070921284015,-6.477048791211837,0.1816180054658935,0,GALAXY,DESI J195.9071-06.4770,3.962763121315184e+16,0.1816180054658935
39627663609957881,main,dark,65537,335.3133522303856,-5.129645845039701,0.7543834321548963,0,GALAXY,DESI J335.3133-05.1296,3.962766360995788e+16,0.7543834321548963
39633264167620353,main,dark,257,244.053068026985,51.02923846838748,0.4427456888982851,0,GALAXY,DESI J244.0531+51.0292,3.963326416762035e+16,0.4427456888982851
39628057601901046,main,dark,1152921504606912513,154.8200858964356,11.36595397823823,0.4916676239892701,0,GALAXY,DESI J154.8200+11.3659,3.962805760190105e+16,0.49166762398927005
39627800696586497,main,dark,65537,231.7606636408851,0.4483085720345596,0.7955643895740454,0,GALAXY,DESI J231.7606+00.4482,3.96278006965865e+16,0.7955643895740454
39628217182585019,main,dark,65537,259.5078526312275,17.89720752048581,0.6182465438883137,0,GALAXY,DESI J259.5078+17.8972,3.9628217182585016e+16,0.6182465438883137
39633170332649355,main,bright,1152921504606847233,167.8027524984664,45.26043877512003,0.4531303599349091,0,GALAXY,DESI J167.8027+45.2604,3.963317033264935e+16,0.4531303599349091
39627595267967331,main,dark,1152921504606912513,198.5096710574951,-8.002308717733413,0.3970515159729711,0,GALAXY,DESI J198.5096-08.0023,3.962759526796733e+16,0.39705151597297106
39627581200275180,main,dark,65537,72.18182095414039,-8.542528541157504,0.7491789591152798,0,GALAXY,DESI J072.1818-08.5425,3.962758120027518e+16,0.7491789591152798
39627681687407016,main,dark,65537,335.7791240545059,-4.542665308045319,0.5004286140394185,0,GALAXY,DESI J335.7791-04.5426,3.9627681687407016e+16,0.5004286140394185
39628019534398713,main,dark,65537,10.2235746858766,9.673169023589924,0.7464615673585151,0,GALAXY,DESI J010.2235+09.6731,3.962801953439871e+16,0.7464615673585151
39627581149940731,main,dark,65537,69.02936803333807,-8.567227758543277,0.5640264389154444,0,GALAXY,DESI J069.0293-08.5672,3.962758114994073e+16,0.5640264389154444
39628249445172503,main,dark,65537,126.8565171243033,19.61718391912987,0.7638831275747662,0,GALAXY,DESI J126.8565+19.6171,3.9628249445172504e+16,0.7638831275747662
39628205463704574,main,bright,1152921504606912513,247.4731433054787,17.60332283641522,0.2122680890352816,0,GALAXY,DESI J247.4731+17.6033,3.962820546370458e+16,0.2122680890352816
39627917747029854,main,dark,1152921504606912513,15.14754692643317,5.444387952721959,0.3615175760230003,0,GALAXY,DESI J015.1475+05.4443,3.962791774702986e+16,0.36151757602300033
39627764218726925,main,dark,65537,217.6099482272757,-1.072618186220616,0.6544636498724625,0,GALAXY,DESI J217.6099-01.0726,3.962776421872693e+16,0.6541750693773521
39627727015251291,main,dark,65537,160.1611765560933,-2.437766051609339,0.9469216734821224,0,GALAXY,DESI J160.1611-02.4377,3.962772701525129e+16,0.9469216734821224
39628367523221203,main,dark,65537,153.3100269107888,24.87119504998223,0.7771456861685168,0,GALAXY,DESI J153.3100+24.8711,3.96283675232212e+16,0.7771456861685168
39627890819601079,main,dark,65537,206.0163787318642,4.298072226723582,0.9072471411255457,0,GALAXY,DESI J206.0163+04.2980,3.962789081960108e+16,0.9072471411255457
39627998160225753,main,dark,65537,160.8536699752259,8.684899310404626,0.593716416114223,0,GALAXY,DESI J160.8537+08.6848,3.962799816022575e+16,0.593716416114223
39628472523424592,main,bright,1152921504606912513,337.3897087001209,29.52224385440587,0.6768468375503413,0,GALAXY,DESI J337.3897+29.5222,3.962847252342459e+16,0.6768468375503413
39627770086558390,main,dark,65537,207.3707228767043,-0.6253413681400605,0.8253960664371759,0,GALAXY,DESI J207.3707-00.6253,3.962777008655839e+16,0.8253960664371759
39627531501968192,main,dark,65537,310.3942443123162,-10.86348098471533,0.5585138938476749,0,GALAXY,DESI J310.3942-10.8635,3.962753150196819e+16,0.5585138938476749
39628245842268769,main,dark,65537,259.7146821175515,19.26042529705191,0.554794375623029,0,GALAXY,DESI J259.7146+19.2604,3.962824584226877e+16,0.554794375623029
39627802961518475,main,dark,65537,6.970048776618341,0.8201763716955895,0.9811415618985639,0,GALAXY,DESI J006.9700+00.8201,3.962780296151847e+16,0.9811415618985639
39628016074101684,main,dark,65537,161.4874242322077,9.442937353412876,0.9167500409345809,0,GALAXY,DESI J161.4874+09.4429,3.962801607410168e+16,0.9167500409345809
39627763191119956,main,dark,1152921504606912513,156.2524555280014,-0.8910982774227216,0.3322173444604905,0,GALAXY,DESI J156.2524-00.8910,3.962776319111995e+16,0.33211981671004664
39627594768845851,main,bright,1152921504606912513,168.5255461028451,-7.958909912628831,0.4418266658565971,0,GALAXY,DESI J168.5255-07.9588,3.962759476884585e+16,0.44182666585659713
39627872935084650,main,dark,65537,218.3282825061536,3.475136623911693,0.5391998288783058,0,GALAXY,DESI J218.3282+03.4751,3.962787293508465e+16,0.5391998288783058
39627828148310319,main,dark,65537,68.24770223583403,1.637308796817006,0.8803912843315542,0,GALAXY,DESI J068.2477+01.6373,3.962782814831032e+16,0.8803912843315542
39628098848688928,main,dark,65537,146.8775087297474,12.90830011307296,0.618250159414849,0,GALAXY,DESI J146.8774+12.9083,3.962809884868893e+16,0.618250159414849
39628528412527899,main,dark,65537,254.5272676256515,32.34474379177831,0.7649757645290168,0,GALAXY,DESI J254.5272+32.3447,3.9628528412527896e+16,0.7649757645290168
39627931756006288,main,dark,65537,133.7103259819783,5.996290409939685,0.7196825215638556,0,GALAXY,DESI J133.7103+05.9962,3.962793175600629e+16,0.7196825215638556
39627987787712067,main,dark,4611686018427715589,256.2884610350736,8.158615202651797,-1.440762529789863e-05,0,STAR,DESI J256.2884+08.1585,3.962798778771206e+16,-1.4407625297898629e-05
39627826369926000,main,dark,1152921504606912513,322.1134406147644,1.391526361297825,0.4704567549462725,0,GALAXY,DESI J322.1134+01.3915,3.9627826369926e+16,0.4701944558010408
39627636938378722,main,dark,65537,179.1227833938514,-6.142641467407301,0.6534016665501551,0,GALAXY,DESI J179.1228-06.1426,3.962763693837872e+16,0.6534016665501551
39627939343500552,main,dark,65537,228.0747180969155,6.333531333277046,0.4672989822656742,0,GALAXY,DESI J228.0747+06.3335,3.962793934350055e+16,0.4672989822656742
39627805276771260,main,dark,1152921504606912513,144.9930141398672,0.7994706151449668,0.3996872910544294,0,GALAXY,DESI J144.9930+00.7994,3.962780527677126e+16,0.39934672009848554
39627682668877183,main,dark,65537,34.45301541811637,-4.334813092623728,0.846959213039305,0,GALAXY,DESI J034.4529-04.3348,3.962768266887718e+16,0.846959213039305
39627800977610984,main,dark,1152921504606912513,248.6989719103717,0.505642720511074,0.487880556670096,0,GALAXY,DESI J248.6989+00.5056,3.9627800977610984e+16,0.48758210335078866
39628116057916827,main,dark,65537,119.6364698929942,13.72709484535046,0.8091726190437948,0,GALAXY,DESI J119.6364+13.7270,3.9628116057916824e+16,0.8091726190437948
39627905872958265,main,dark,1152921504606912513,25.54035929479357,5.050597552428721,0.4279903299227394,0,GALAXY,DESI J025.5403+05.0506,3.9627905872958264e+16,0.42799032992273944
39627601286792254,main,dark,65537,200.217970895275,-7.822326173625579,0.7330737781987049,0,GALAXY,DESI J200.2179-07.8223,3.962760128679226e+16,0.7330737781987049
39628040161984765,main,dark,65537,177.7257408392852,10.41435358897488,0.6922251118859505,0,GALAXY,DESI J177.7257+10.4143,3.962804016198477e+16,0.6922251118859505
39628186081822485,main,dark,65537,120.0757082898579,16.67579057348854,0.789331121338326,0,GALAXY,DESI J120.0757+16.6757,3.962818608182249e+16,0.789331121338326
39628522897014977,main,dark,65537,226.7780739177292,31.95979964466587,0.6045783462042761,0,GALAXY,DESI J226.7780+31.9597,3.962852289701498e+16,0.6045783462042761
39628481226606848,main,dark,65537,214.4260264428466,30.07997219353499,0.8971504330005796,0,GALAXY,DESI J214.4260+30.0800,3.962848122660685e+16,0.8971504330005796
39627450455428467,main,dark,65537,49.30155877021593,-13.96173450306874,0.7398386426391029,0,GALAXY,DESI J049.3015-13.9617,3.962745045542846e+16,0.7398386426391029
39628326666506234,main,dark,65537,15.91007724638035,22.89134727767636,0.7557766588972682,0,GALAXY,DESI J015.9101+22.8913,3.962832666650623e+16,0.7557766588972682
39632961892517952,main,dark,257,252.3503173113592,33.97756985163707,0.5725351224475363,0,GALAXY,DESI J252.3503+33.9775,3.963296189251795e+16,0.9135981398092934
39628300259168381,main,dark,1152921504606912513,117.3166074533752,21.84352442628333,0.4780028648358482,0,GALAXY,DESI J117.3166+21.8435,3.962830025916838e+16,0.4780028648358482
39628182445362045,main,dark,65537,254.0963289282352,16.482364604924,0.6694171087771854,0,GALAXY,DESI J254.0963+16.4823,3.962818244536205e+16,0.6694171087771854
39627788642162093,main,dark,1152921504606912513,233.4450947036622,-0.07195664004759583,0.3739887592820094,0,GALAXY,DESI J233.4451000.-719,3.96277886421621e+16,0.37398875928200936
39633063767970476,main,dark,257,246.648998931036,39.21933732542067,0.744893612017216,0,GALAXY,DESI J246.6489+39.2193,3.963306376797048e+16,0.744893612017216
39632981752545541,main,dark,1152921504606847233,245.799635260944,34.97918505296645,0.3624709452962976,0,GALAXY,DESI J245.7995+34.9792,3.9632981752545544e+16,0.36247094529629764
39627908951576589,main,dark,65537,209.5504731200328,4.880909449134447,0.8568260208296213,0,GALAXY,DESI J209.5504+04.8809,3.962790895157659e+16,0.8568260208296213
39632956561559050,main,dark,257,230.3729313855127,33.85000619962265,0.601485846024116,0,GALAXY,DESI J230.3729+33.8499,3.963295656155905e+16,0.601485846024116
39633212388935309,main,dark,257,197.5858025950256,47.85359210700911,0.926566914676353,0,GALAXY,DESI J197.5857+47.8535,3.963321238893531e+16,0.926566914676353
39627751073775876,main,dark,65537,154.0119691261559,-1.384807786558768,0.7682242404425322,0,GALAXY,DESI J154.0119-01.3848,3.962775107377587e+16,0.7682242404425322
39632951272538367,main,dark,1152921504606847233,212.311285655683,33.52430923128023,0.5647859466122663,0,GALAXY,DESI J212.3113+33.5242,3.963295127253837e+16,0.5647859466122663
39627836759216007,main,dark,65537,221.4410428299484,2.042324208981104,0.4835107984333558,0,GALAXY,DESI J221.4410+02.0423,3.962783675921601e+16,0.4835107984333558
39628518224562047,main,dark,1152921504606912513,259.5122448704199,31.75162715513302,0.3598945799903983,0,GALAXY,DESI J259.5122+31.7516,3.962851822456205e+16,0.3603384121410293
39633157896537293,main,dark,257,205.2741974299794,44.57821284493363,0.7843700381856168,0,GALAXY,DESI J205.2741+44.5781,3.96331578965373e+16,0.7843700381856168
39632959958944007,main,dark,257,113.6227322081803,34.01845748084005,0.888226253509069,0,GALAXY,DESI J113.6227+34.0184,3.963295995894401e+16,0.888226253509069
39627875866908309,main,dark,65537,33.46761532437517,3.85087229925335,0.6892823956741321,0,GALAXY,DESI J033.4676+03.8508,3.962787586690831e+16,0.6892823956741321
39627776323488440,main,dark,65537,219.0985370626017,-0.5166631961341378,0.8787078596466885,0,GALAXY,DESI J219.0985-00.5166,3.962777632348844e+16,0.8787078596466885
39628383344136701,main,dark,65537,112.7347078406724,25.50025199430232,0.8643216276508292,0,GALAXY,DESI J112.7347+25.5002,3.96283833441367e+16,0.8643216276508292
39627467593353337,main,dark,65537,19.81330426360859,-13.21573683415657,0.8876478711245608,0,GALAXY,DESI J019.8133-13.2157,3.9627467593353336e+16,0.8876478711245608
39628141429265422,main,dark,4611686018428895367,238.2995769779118,14.81786804182083,0.9368037029389967,0,GALAXY,DESI J238.2995+14.8178,3.962814142926542e+16,0.9368037029389967
39628298778575408,main,dark,65537,22.32780391489274,21.72877341103195,0.7784414676751135,0,GALAXY,DESI J022.3277+21.7287,3.962829877857541e+16,0.7784414676751135
39628057421548318,main,dark,1152921504606912513,143.9655284784104,11.34318070613652,0.294018322270278,0,GALAXY,DESI J143.9655+11.3431,3.962805742154832e+16,0.29401832227027797
39627683109276866,main,dark,65537,60.68650714098658,-4.293220480063789,0.894529217571648,0,GALAXY,DESI J060.6864-04.2932,3.962768310927686e+16,0.894529217571648
39632936072383536,main,dark,257,212.592744299624,32.64984849199285,0.6233310606857845,0,GALAXY,DESI J212.5927+32.6498,3.963293607238354e+16,0.6233310606857845
39627878203133821,main,dark,65537,172.943230580079,3.80095938605512,0.5358325017871943,0,GALAXY,DESI J172.9432+03.8009,3.962787820313382e+16,0.5358325017871943
39627938114569689,main,dark,65537,154.451363929566,6.245792079666146,0.703315805522912,0,GALAXY,DESI J154.4513+06.2458,3.962793811456969e+16,0.703315805522912
39627845781165934,main,dark,65537,39.15559347908351,2.464461038639567,0.8227584547391464,0,GALAXY,DESI J039.1556+02.4644,3.962784578116594e+16,0.8227584547391464
39627774926783909,main,dark,1152921504606912513,135.8133877837021,-0.4909648928144535,0.4240705695742119,0,GALAXY,DESI J135.8133-00.4909,3.962777492678391e+16,0.4241367829749354
39633047825419164,main,bright,1152921504606847233,109.1399537165294,38.52433693052573,0.3876951704919194,0,GALAXY,DESI J109.1400+38.5243,3.963304782541917e+16,0.3876951704919194
39628222970728608,main,dark,65537,262.1057956168925,18.32593390669149,0.935009448171084,0,GALAXY,DESI J262.1057+18.3259,3.962822297072861e+16,0.935009448171084
39627409183477835,main,dark,655394,26.32484074106628,-15.65358532746398,1.128654156175861,0,GALAXY,DESI J026.3248-15.6535,3.962740918347783e+16,1.1286541561758612
39627794526768034,main,dark,655394,224.1214259490296,0.3248468394464754,0.3455445559221021,0,GALAXY,DESI J224.1214+00.3248,3.962779452676803e+16,0.34554455592210215
39627796317736205,main,dark,655394,330.8450884471652,0.1740014068913945,1.335508158527976,0,GALAXY,DESI J330.8450+00.1740,3.962779631773621e+16,1.3355081585279758
39628462163497866,main,dark,917542,350.2383367537789,29.00020130230688,1.08112536281077,0,GALAXY,DESI J350.2383+29.0002,3.9628462163497864e+16,1.0811253628107702
39627781788668131,main,dark,655458,184.941551190674,-0.2628341252509441,0.9663193128490903,0,GALAXY,DESI J184.9415-00.2628,3.962778178866813e+16,0.9663193128490903
39627913682752000,main,dark,917542,132.3418037826167,5.257204380484066,0.8554586144456618,0,GALAXY,DESI J132.3417+05.2571,3.9627913682752e+16,0.8554586144456618
39627591853803113,main,dark,655394,353.2744898035303,-8.36057639759579,0.7700614221967212,4,GALAXY,DESI J353.2744-08.3605,3.962759185380311e+16,0.7700614221967212
39627769595825431,main,dark,655394,178.1330814238106,-0.6414432591169144,0.921526455280606,0,GALAXY,DESI J178.1330-00.6414,3.962776959582543e+16,0.921526455280606
39628016069906948,main,dark,655394,161.2217628506343,9.415914617613959,0.7286174490425079,4,GALAXY,DESI J161.2217+09.4158,3.962801606990694e+16,0.7286174490425079
39627685915264433,main,dark,655458,228.1226530650779,-4.249025864525399,1.392299276533045,4,GALAXY,DESI J228.1226-04.2490,3.962768591526443e+16,1.3922992765330453
39627849048523757,main,dark,655394,233.7948127084753,2.396731411798114,1.507447341595325,0,GALAXY,DESI J233.7948+02.3967,3.962784904852376e+16,1.507447341595325
39627654420234399,main,dark,655394,145.6135745306137,-5.601178619833383,0.5612548626142158,0,GALAXY,DESI J145.6135-05.6011,3.96276544202344e+16,0.5612548626142158
39627673428824117,main,dark,655394,202.3092831199596,-4.802447488294094,1.243525767448492,0,GALAXY,DESI J202.3092-04.8024,3.962767342882412e+16,1.2435257674484919
39628029399403794,main,dark,917542,246.5764476742791,10.12211280552602,1.85846212756894,0,QSO,DESI J246.5764+10.1220,3.962802939940379e+16,1.85846212756894
39627993521327783,main,dark,655394,241.4845090684114,8.487641305739759,0.5887230728710751,0,GALAXY,DESI J241.4845+08.4876,3.9627993521327784e+16,0.5887230728710751
39627532781226634,main,dark,4611686018428305446,27.74386309675418,-10.41476465199128,1.703908941853968,0,QSO,DESI J027.7438-10.4147,3.962753278122663e+16,1.7039089418539681
39632931265709510,main,dark,2594,233.0037337455617,32.61444460275536,1.278000082758493,0,GALAXY,DESI J233.0037+32.6144,3.963293126570951e+16,1.2780000827584932
39632980972407780,main,dark,2594,189.4257114898155,34.98198519137973,1.14499075643573,4,GALAXY,DESI J189.4256+34.9819,3.963298097240778e+16,1.1449907564357302
39627818035844270,main,dark,655394,185.4946671455095,1.178679284653191,1.492063042334476,0,GALAXY,DESI J185.4946+01.1786,3.962781803584427e+16,1.4920630423344763
39628071145316951,main,dark,1179842,258.0070852819458,11.6920727416593,0.9542721125886807,0,GALAXY,DESI J258.0070+11.6920,3.962807114531695e+16,0.9542721125886807
39627847802815403,main,dark,1179842,159.5299080750269,2.441663269357872,1.216077676660242,0,GALAXY,DESI J159.5299+02.4416,3.96278478028154e+16,1.2160776766602417
39627919785462278,main,dark,655394,137.1764021474622,5.574742583793848,0.7425332794734326,0,GALAXY,DESI J137.1763+05.5747,3.962791978546228e+16,0.7425332794734326
39628110366245257,main,dark,655458,130.9711984876271,13.54453231640209,0.005954714189119312,4,GALAXY,DESI J130.9711+13.5445,3.9628110366245256e+16,0.005954714189119312
39628321075495358,main,dark,1179842,14.90418710098385,22.86919235654101,0.770009535238262,0,GALAXY,DESI J014.9041+22.8691,3.962832107549536e+16,0.770009535238262
39627866190646517,main,dark,655394,175.8965660670417,3.127926438331693,0.9283596862984035,0,GALAXY,DESI J175.8965+03.1279,3.962786619064652e+16,0.9283596862984035
39628191828020750,main,dark,655394,117.7312737329104,16.89582379266575,0.2019636784488394,0,GALAXY,DESI J117.7312+16.8958,3.962819182802075e+16,0.20196367844883945
39627779855092180,main,dark,4611686018428305446,69.60861655505965,-0.263180298479738,1.850020016944648,0,QSO,DESI J069.6086-00.2632,3.962777985509218e+16,1.8500200169446477
39628053369855618,main,dark,655458,258.2762690724203,10.87831695548037,1.440863759763963,0,GALAXY,DESI J258.2762+10.8783,3.962805336985562e+16,1.4408637597639629
39627782346510322,main,dark,655394,218.1978961823968,-0.3436028131177767,0.2785673287862289,4,GALAXY,DESI J218.1979-00.3436,3.962778234651032e+16,0.27856732878622886
39628398246498166,main,dark,655394,17.45358146156798,26.29788824968275,1.106202451027795,0,GALAXY,DESI J017.4535+26.2979,3.962839824649817e+16,1.1062024510277955
39627671096790048,main,dark,655394,62.79183178804243,-4.842925245000947,0.8105157923907689,0,GALAXY,DESI J062.7918-04.8429,3.962767109679005e+16,0.8105157923907689
39627817926789237,main,dark,655394,178.8764836618221,1.231656462918987,1.331418973130719,0,GALAXY,DESI J178.8764+01.2316,3.962781792678924e+16,1.3314189731307187
39627911413629157,main,dark,655394,356.4974638659078,5.103863195615861,1.106801308398075,0,GALAXY,DESI J356.4974+05.1038,3.962791141362916e+16,1.1068013083980754
39633412868276684,main,dark,2594,105.268447815356,62.31319701404313,1.862894229283782,0,QSO,DESI J105.2684+62.3132,3.963341286827669e+16,1.8628942292837825
39627897350128401,main,dark,655394,235.9414601574883,4.552440318831086,0.3051618394232299,0,GALAXY,DESI J235.9414+04.5524,3.96278973501284e+16,0.30516183942322994
39632991005180920,main,dark,4611686018427391526,200.0152318555211,35.50220286136316,0.7982326355933764,0,QSO,DESI J200.0152+35.5021,3.963299100518092e+16,0.7982326355933764
39633307415087735,main,dark,4611686018427391590,142.1388747006028,53.95647611508238,0.6547613906022774,0,QSO,DESI J142.1389+53.9564,3.9633307415087736e+16,0.6547613906022774
39627621394289142,main,dark,4611686018428305446,327.4665820300477,-6.960087193372578,1.657967014984077,0,QSO,DESI J327.4665-06.9600,3.9627621394289144e+16,1.6579670149840773
39633096244463163,main,dark,2594,253.1049079510011,41.01151694076554,0.7063445188916223,0,GALAXY,DESI J253.1048+41.0115,3.963309624446316e+16,0.7063445188916223
39627832220978193,main,dark,655394,310.8325571895959,1.68679867903495,0.188055440697643,4,GALAXY,DESI J310.8325+01.6867,3.962783222097819e+16,0.18805544069764304
39627781390209618,main,dark,1179842,161.1963692065252,-0.3742388182658478,0.9814184137799008,0,GALAXY,DESI J161.1963-00.3742,3.962778139020962e+16,0.9814184137799008
39632981152763407,main,dark,2594,202.49855263568,34.90126324560377,1.134827527482458,0,GALAXY,DESI J202.4985+34.9012,3.963298115276341e+16,1.1348275274824584
39628278494921903,main,dark,655394,167.5128232487123,20.83123830260731,1.118430260712369,0,GALAXY,DESI J167.5128+20.8312,3.96282784949219e+16,1.1184302607123693
39628116150195523,main,dark,1179842,125.4545768532577,13.72244494316876,1.110717323351751,0,GALAXY,DESI J125.4545+13.7224,3.962811615019552e+16,1.1107173233517513
39632946172267843,main,dark,2594,209.2354411680502,33.33379593427736,0.5298957133634548,4,GALAXY,DESI J209.2354+33.3338,3.963294617226784e+16,0.5298957133634548
39627691548214916,main,dark,1179778,204.3594913501058,-3.885123151011765,0.708203455941565,0,GALAXY,DESI J204.3594-03.8851,3.962769154821491e+16,0.708203455941565
39632966434949133,main,dark,2594,218.764185381447,34.17647128078522,1.598197467108148,4,GALAXY,DESI J218.7641+34.1765,3.963296643494914e+16,1.6001696779167836
39633417121304880,main,dark,2594,289.8041513264945,62.60536629830722,1.38832069900481,0,GALAXY,DESI J289.8041+62.6053,3.963341712130488e+16,1.3883206990048096
39632961775077211,main,dark,2658,243.9684615803865,33.96095709359614,0.7311499474900313,0,GALAXY,DESI J243.9684+33.9609,3.963296177507721e+16,0.7311499474900313
39628189642788901,main,dark,1441926,341.7002688502232,16.73189787619083,1.062136899933753,0,GALAXY,DESI J341.7002+16.7319,3.9628189642788904e+16,1.0621368999337528
39627715896150289,main,dark,655458,217.3446273086184,-3.03310838613689,1.575725653670639,0,GALAXY,DESI J217.3446-03.0331,3.962771589615029e+16,1.5757256536706385
39633021237723197,main,dark,3622,270.3137244013237,36.96003986076374,0.7652445393180531,0,GALAXY,DESI J270.3137+36.9600,3.96330212377232e+16,0.7652445393180531
39633016271671662,main,dark,2658,260.9655831072497,36.62915226475616,0.6422187629302265,4,GALAXY,DESI J260.9655+36.6291,3.963301627167166e+16,0.6422187629302265
39627568860630383,main,dark,655394,48.43488151247681,-8.919495352178894,1.413221603440608,4,GALAXY,DESI J048.4348-08.9194,3.962756886063038e+16,1.4132216034406082
39628145346745711,main,dark,655394,119.7309123606371,15.06916927045446,1.106119827594729,0,GALAXY,DESI J119.7308+15.0691,3.962814534674571e+16,1.1061198275947288
39632967131204703,main,dark,2594,268.8019747092941,34.15719780428167,0.9170726322859559,4,GALAXY,DESI J268.8019+34.1571,3.96329671312047e+16,0.9170726322859559
39633064090931463,main,dark,4611686018427391526,271.3547335615999,39.13430986925466,2.208405601348256,2048,QSO,DESI J271.3547+39.1344,3.9633064090931464e+16,2.208405601348256
39628068913943710,main,dark,655394,122.3685549642054,11.74136517596709,1.103150639887019,0,GALAXY,DESI J122.3685+11.7413,3.962806891394371e+16,1.103150639887019
39632931425094730,main,dark,2594,244.3356980162242,32.59090227279533,1.003752984747403,0,GALAXY,DESI J244.3357+32.5909,3.963293142509473e+16,1.0037529847474032
39627351436300965,main,dark,655394,29.85344052316884,-18.22142087292418,1.117420178937365,0,GALAXY,DESI J029.8534-18.2214,3.962735143630097e+16,1.1174201789373648
39633011196559784,main,dark,2594,244.271920066186,36.5514282229701,1.242610739626152,0,GALAXY,DESI J244.2719+36.5514,3.9633011196559784e+16,1.2426107396261517
39632961666023714,main,dark,2594,236.0084440375879,34.06714118473067,0.6735575726842654,0,GALAXY,DESI J236.0084+34.0671,3.963296166602371e+16,0.6735575726842654
39627648955058661,main,dark,655394,178.6226291576033,-5.816971131623944,1.055316959066165,0,GALAXY,DESI J178.6226-05.8169,3.9627648955058664e+16,1.0553169590661649
39627793159424575,main,dark,655394,142.6490397099847,0.126014369524234,1.00671445193189,0,GALAXY,DESI J142.6490+00.1260,3.962779315942458e+16,1.0067144519318905
39632991688853931,main,dark,2594,249.9544217775925,35.44636985067012,1.15259170016493,0,GALAXY,DESI J249.9544+35.4463,3.963299168885393e+16,1.1525917001649302
39628388800926756,main,dark,917542,112.6499575489776,25.66854905549764,0.151445537634541,0,GALAXY,DESI J112.6499+25.6685,3.962838880092675e+16,0.151445537634541
39627939771321416,main,dark,655394,253.7618504981616,6.359548853232856,1.189723814776966,0,GALAXY,DESI J253.7618+06.3595,3.9627939771321416e+16,1.1897238147769658
39627624149942883,main,dark,655394,132.5086043101611,-6.652031005590207,0.8647998040914316,0,GALAXY,DESI J132.5086-06.6520,3.962762414994288e+16,0.8647998040914316
39627775706924116,main,dark,655394,182.2995898046042,-0.5532945124557528,0.1432174846387355,4,GALAXY,DESI J182.2995-00.5532,3.962777570692411e+16,0.1432174846387355
39628106499098002,main,dark,655458,254.4010409234339,13.22503256975104,1.306047981019105,0,GALAXY,DESI J254.4010+13.2250,3.9628106499098e+16,1.306047981019105
39628437622622187,main,dark,917542,127.8388345804793,28.07570944482883,1.919638488297198,0,QSO,DESI J127.8388+28.0756,3.9628437622622184e+16,1.9196384882971975
39628326888801266,main,dark,655394,30.15241074467809,22.87624362713268,0.9027005384383464,4,GALAXY,DESI J030.1524+22.8762,3.962832688880126e+16,0.9027005384383464
39627939133785383,main,dark,655394,215.493466815964,6.342440187119287,1.4069642990939,0,GALAXY,DESI J215.4934+06.3424,3.9627939133785384e+16,1.4069642990939
39627891402608715,main,dark,655394,240.7356419485992,4.350892062990309,1.13627249946188,0,GALAXY,DESI J240.7356+04.3508,3.962789140260871e+16,1.1362724994618802
39627884997907924,main,dark,917542,218.5371552763024,3.956304390854311,1.370366300957855,0,GALAXY,DESI J218.5371+03.9563,3.962788499790792e+16,1.3703663009578546
39627744685852286,main,dark,655394,133.3066349414019,-1.656314071007448,0.06675802655670825,0,GALAXY,DESI J133.3066-01.6563,3.962774468585229e+16,0.06675802655670825
39627999288497455,main,dark,655394,229.0314340665933,8.677399509008739,0.2763382547280749,6,GALAXY,DESI J229.0314+08.6773,3.962799928849746e+16,0.2763382547280749
39633030335172990,main,dark,2658,230.251830562345,37.44480937034616,0.8883847952648077,0,GALAXY,DESI J230.2518+37.4448,3.963303033517299e+16,0.8883847952648077
39627812482582626,main,dark,655458,214.3424162930039,0.9136041833691393,0.9069310720547253,0,GALAXY,DESI J214.3424+00.9136,3.962781248258262e+16,0.9069310720547253
39627670350205084,main,dark,655394,18.18185785143476,-4.709270980892607,1.197665084215848,0,GALAXY,DESI J018.1818-04.7092,3.962767035020509e+16,1.1976650842158476
39627636737051566,main,dark,655394,167.0975256888597,-6.330197455892042,1.197043279000359,4,GALAXY,DESI J167.0975-06.3301,3.962763673705157e+16,1.197043279000359
39627950978502895,main,dark,4611686018428305446,205.5906509515373,6.637962430902833,2.011590576647113,0,QSO,DESI J205.5906+06.6379,3.96279509785029e+16,2.011590576647113
39627860176013864,main,dark,655394,177.1495871815481,2.914035329581958,0.9206425199436351,4,GALAXY,DESI J177.1495+02.9140,3.9627860176013864e+16,0.9206425199436351
39632966732744704,main,dark,2594,240.1439073143765,34.2684067988094,1.14104756551242,4,GALAXY,DESI J240.1439+34.2683,3.96329667327447e+16,1.1410475655124197
39627703627812414,main,dark,655394,205.4727590268318,-3.403873576508752,0.09773572180601722,4,GALAXY,DESI J205.4727-03.4038,3.962770362781242e+16,0.09773572180601722
39627914286729701,main,dark,655394,168.3528040473441,5.324631097320161,1.089977485040331,0,GALAXY,DESI J168.3527+05.3246,3.9627914286729704e+16,1.0899774850403312
39627757482676886,main,dark,1179778,176.230374639549,-1.281688565895345,0.9215918695497187,0,GALAXY,DESI J176.2303-01.2816,3.962775748267689e+16,0.9215918695497187
39627772775110052,main,dark,655394,7.642426931357761,-0.544694884177606,1.553820915738207,0,GALAXY,DESI J007.6424-00.5446,3.962777277511005e+16,1.5538209157382075
39632949850674089,main,dark,2594,111.2058799345665,33.38590364940045,1.472713755036952,0,GALAXY,DESI J111.2058+33.3858,3.963294985067409e+16,1.4727137550369518
39632980850771167,main,dark,2658,180.3998739624494,34.99091428554221,0.2061469634498569,0,GALAXY,DESI J180.3998+34.9909,3.963298085077117e+16,0.20614696344985695
39628363781908740,main,dark,655394,268.338409986648,24.4080317561564,1.444462691926446,0,GALAXY,DESI J268.3384+24.4080,3.962836378190874e+16,1.4444626919264465
39627818585295464,main,dark,655394,218.1018544631136,1.361584960608553,1.161573352596114,0,GALAXY,DESI J218.1018+01.3615,3.9627818585295464e+16,1.1607546487959808
39627814823006729,main,dark,1179842,353.8688772800527,0.9937519937906784,0.9163634973756485,2,GALAXY,DESI J353.8688+00.9937,3.962781482300673e+16,0.9163634973756485
39627932380957495,main,dark,655394,171.1300236428858,5.966133294263373,1.415614338852508,0,GALAXY,DESI J171.1300+05.9661,3.9627932380957496e+16,1.4156143388525075
39627823979168618,main,dark,1179778,179.5440033257745,1.491774236641752,1.083035811846544,0,GALAXY,DESI J179.5439+01.4917,3.9627823979168616e+16,1.083200587342279
39627862570959464,main,dark,655394,319.7675936229211,2.953834865875625,0.9213477308950403,0,GALAXY,DESI J319.7675+02.9538,3.9627862570959464e+16,0.9213477308950403
39627812084124285,main,dark,655394,190.6257908724266,0.9277416223156978,1.559110059599673,0,GALAXY,DESI J190.6258+00.9277,3.962781208412429e+16,1.5591100595996727
39627669570060651,main,dark,917542,331.4372030803156,-5.038321794048329,1.605910368434371,0,QSO,DESI J331.4371-05.0383,3.962766957006065e+16,1.605910368434371
39627622652580508,main,dark,655394,42.88257086476256,-6.873156647625737,1.086796283981449,0,GALAXY,DESI J042.8826-06.8731,3.962762265258051e+16,1.086796283981449
39633039415839246,main,dark,2658,192.8645821133988,37.92885992081219,0.9625291428238437,0,GALAXY,DESI J192.8645+37.9288,3.963303941583925e+16,0.9625291428238437
39627630923743699,main,dark,4611686018428305446,178.5105923919542,-6.503135420951113,2.003138386738569,0,QSO,DESI J178.5105-06.5031,3.96276309237437e+16,2.0031383867385695
39633020243676570,main,bright,2305843009213693952,196.5586189432861,36.89718241643934,-0.0001382061894825151,0,STAR,DESI J196.5585+36.8971,3.963302024367657e+16,-0.00013820618948251506
2305843042076092813,main,backup,2305843009213693952,239.0109138851457,1.033771536961438,-5.290941702288837e-05,0,STAR,DESI J239.0109+01.0337,2.305843042076093e+18,-5.290941702288837e-05
2305843036782856298,main,backup,2305843009213693952,186.9859312446663,2.671666997026481,0.0002178555316103344,0,STAR,DESI J186.9859+02.6716,2.305843036782856e+18,0.0002178555316103344
39627832342613714,main,bright,2305843009213693952,318.0939084079494,1.764386844128599,3.816253294050694e-05,2,STAR,DESI J318.0938+01.7644,3.962783234261371e+16,3.8162532940506936e-05
39628466034839688,main,bright,2305843009213693952,254.3167325249209,29.18039133645412,9.827822808974204e-05,0,STAR,DESI J254.3167+29.1803,3.962846603483969e+16,9.827822808974204e-05
2305843027832213252,main,backup,2305843009213693952,42.86170862020327,1.072868888654696,-0.0001182799265132766,0,STAR,DESI J042.8616+01.0728,2.3058430278322135e+18,-0.00011827992651327658
39633469466214796,main,bright,2305843009213693952,105.4290724601036,67.72811593146373,-0.0001743626503718328,0,STAR,DESI J105.4291+67.7281,3.96334694662148e+16,-0.00017436265037183284
2305843018629918102,main,backup,2305843009213693952,228.2152818776797,24.95799122619819,-5.228228552329486e-05,0,STAR,DESI J228.2152+24.9579,2.305843018629918e+18,-5.228228552329486e-05
39633217203997865,main,bright,2305843009213693952,264.4938393967886,47.88866581788841,-0.0002430018876770304,0,STAR,DESI J264.4938+47.8886,3.9633217203997864e+16,-0.0002430018876770304
39633503628822962,main,bright,2305843017803628544,179.7239894957323,71.82973762421668,-0.0009569061053780144,0,STAR,DESI J179.7240+71.8297,3.963350362882296e+16,-0.0009569061053780144
39627848666846226,main,bright,2305843009213693952,211.2476063983613,2.517024632302711,5.402457797778743e-05,0,STAR,DESI J211.2475+02.5170,3.962784866684622e+16,5.402457797778743e-05
39628005064052022,main,bright,2305843009213693952,217.0747701216185,9.079565237741452,0.0005597860438057043,0,STAR,DESI J217.0747+09.0795,3.9628005064052024e+16,0.0005597860438057043
2305843031984644098,main,backup,2305843009213693952,117.3200575568963,-4.488237260953106,4.823639765146461e-05,0,STAR,DESI J117.3200-04.4882,2.305843031984644e+18,4.823639765146461e-05
39632955940799153,main,bright,2305843009213693952,185.7626974140381,33.81135254116789,0.0001232988440676228,0,STAR,DESI J185.7627+33.8113,3.963295594079915e+16,0.0001232988440676228
39627597583223992,main,bright,2305843009213693952,337.7443053591619,-8.028974976144504,-0.0004898230851531539,0,STAR,DESI J337.7442-08.0290,3.962759758322399e+16,-0.0004898230851531539
39627772116598927,main,bright,2305843009213693952,328.2527491488901,-0.7962687558016152,-0.0005657643974367005,0,STAR,DESI J328.2527-00.7962,3.962777211659893e+16,-0.0005657643974367005
39632931366375372,main,bright,2305843009213693952,240.281365876658,32.62229207510157,-9.413799624471874e-05,0,STAR,DESI J240.2813+32.6223,3.963293136637538e+16,-9.413799624471874e-05
39632945878665153,main,bright,2305843009213693952,188.2377507995884,33.23648174680801,-0.0001413583496940705,0,STAR,DESI J188.2377+33.2364,3.963294587866515e+16,-0.00014135834969407045
39627884217762437,main,bright,6917529070590754816,171.7784050326571,4.020293529524548,0.0003899868577414107,0,STAR,DESI J171.7784+04.0203,3.962788421776244e+16,0.0003899868577414107
2305843032605397367,main,backup,2305843009213693952,111.0671067676035,5.231238181131344,9.525908498019549e-05,0,STAR,DESI J111.0671+05.2312,2.3058430326053975e+18,9.525908498019549e-05
2305843013529633038,main,backup,2305843009213693952,139.7838382081989,4.860588907720808,4.052180883037154e-05,0,STAR,DESI J139.7838+04.8605,2.3058430135296333e+18,4.0521808830371536e-05
2305843020441848902,main,backup,2305843009213693952,216.710662851565,47.89592879315142,-0.0001280476104503873,0,STAR,DESI J216.7106+47.8959,2.305843020441849e+18,-0.00012804761045038732
39628183502326244,main,bright,2305843009213693952,319.7019693125284,16.4985905747805,-9.388048726873037e-05,0,STAR,DESI J319.7019+16.4986,3.962818350232624e+16,-9.388048726873037e-05
2305843013353502783,main,backup,2305843009213693952,61.26286061369473,79.96772272440526,-6.659105203977563e-06,0,STAR,DESI J061.2628+79.9677,2.3058430133535027e+18,-6.659105203977563e-06
39627728101579340,main,dark,2305843017803628544,224.9814582805453,-2.524733797035752,-0.0002726667685575542,0,STAR,DESI J224.9814-02.5247,3.962772810157934e+16,-0.00027266676855755415
2305843018671858638,main,backup,2305843009213693952,224.4173185225604,28.63639196888806,-0.0001290348448222146,0,STAR,DESI J224.4173+28.6363,2.3058430186718587e+18,-0.00012903484482221458
39627521519522006,main,bright,2305843009213693952,65.2669857637066,-11.04788041089093,0.0001428701927836011,0,STAR,DESI J065.2669-11.0478,3.962752151952201e+16,0.00014287019278360106
39627775761450712,main,bright,2305843009213693952,185.5853449553513,-0.4860398718991679,1.495459326136245e-05,0,STAR,DESI J185.5853-00.4860,3.962777576145071e+16,1.4954593261362446e-05
39627765766428924,main,bright,2305843009213693952,309.9279882607382,-0.9759567963686989,0.0001254980823346947,0,STAR,DESI J309.9280-00.9759,3.962776576642893e+16,0.00012549808233469474
39627998869066261,main,bright,2305843052163366912,203.7506391228177,8.813451012432006,-6.887475367256552e-05,0,STAR,DESI J203.7506+08.8134,3.9627998869066264e+16,-6.887475367256552e-05
2305843021796613432,main,backup,2305843009213693952,191.8595392392058,71.38066100926206,-0.0002216591861990697,0,STAR,DESI J191.8595+71.3806,2.3058430217966136e+18,-0.0002216591861990697
39627762989796602,main,bright,2305843009213693952,144.420683142672,-0.8980001995460021,2.547167292597456e-05,0,STAR,DESI J144.4206-00.8979,3.96277629897966e+16,2.547167292597456e-05
39628217232922960,main,bright,2305843009213693952,262.8418191733354,18.04961228117254,3.571755242568895e-05,0,STAR,DESI J262.8418+18.0496,3.962821723292296e+16,3.571755242568895e-05
39627867016922382,main,bright,2305843009213693952,225.1187058482665,3.171381055083822,-5.581903998864278e-05,2,STAR,DESI J225.1187+03.1713,3.962786701692238e+16,-5.581903998864278e-05
39627982851020584,main,bright,2305843009213693952,319.3579943108226,8.001924094607126,8.70388173742032e-05,0,STAR,DESI J319.3579+08.0019,3.9627982851020584e+16,8.70388173742032e-05
39633104754704566,main,bright,2305843009213693952,205.966071077656,41.59946459314498,-0.0002112078861079112,0,STAR,DESI J205.9660+41.5994,3.963310475470457e+16,-0.00021120788610791123
39633453267814689,main,bright,2305843009213693952,185.2567696394475,65.89634834367517,-0.0002707467507419634,0,STAR,DESI J185.2567+65.8963,3.963345326781469e+16,-0.0002707467507419634
2305843037739160319,main,backup,2305843009213693952,152.8259265827171,-2.156190587576193,2.809348399588239e-05,0,STAR,DESI J152.8259-02.1561,2.30584303773916e+18,2.809348399588239e-05
39627872842810592,main,dark,2305843017803628544,212.8640120404098,3.528938383446512,-0.0001036595945093506,0,STAR,DESI J212.8640+03.5289,3.962787284281059e+16,-0.0001036595945093506
39632971338089865,main,bright,2305843009213693952,211.8910160273037,34.48615238490592,5.417369747226047e-05,0,STAR,DESI J211.8910+34.4861,3.9632971338089864e+16,5.4173697472260466e-05
39628066338641165,main,bright,2305843009213693952,325.7967645532353,11.48626093475625,-0.0005228538877153174,0,STAR,DESI J325.7967+11.4862,3.962806633864117e+16,-0.0005228538877153174
2305843047176347809,main,backup,2305843009213693952,58.44482681668029,-18.51716400918495,0.0001370366247359536,0,STAR,DESI J058.4448-18.5171,2.3058430471763476e+18,0.00013703662473595356
2305843018919331073,main,backup,2305843009213693952,242.5491857812747,24.30920408456448,-0.0002007270467525272,0,STAR,DESI J242.5491+24.3092,2.3058430189193313e+18,-0.00020072704675252724
2305843015651958257,main,backup,2305843009213693952,177.5261167304307,64.50429357845123,-5.408244669148867e-05,0,STAR,DESI J177.5260+64.5042,2.3058430156519583e+18,-5.408244669148867e-05
39632951087991668,main,dark,2305843052163366912,199.3815173749906,33.59802227085481,-0.0003880132360929416,0,STAR,DESI J199.3815+33.5980,3.963295108799166e+16,-0.0003880132360929416
39627776143132868,main,bright,2305843009213693952,208.3568575512672,-0.5352229802070676,0.0004429029365558697,0,STAR,DESI J208.3568-00.5352,3.962777614313286e+16,0.0004429029365558697
2305843043288244053,main,backup,2305843009213693952,258.6472063566869,25.11600254367968,-0.0002924605376478551,0,STAR,DESI J258.6472+25.1159,2.305843043288244e+18,-0.00029246053764785514
39627748418789022,main,bright,2305843009213693952,355.9916658654254,-1.73934706264707,-2.730891777023689e-05,0,STAR,DESI J355.9916-01.7393,3.962774841878902e+16,-2.7308917770236887e-05
2305843018671856560,main,backup,2305843009213693952,223.9144264166312,28.64064406096391,-3.842879284342197e-05,0,STAR,DESI J223.9144+28.6406,2.3058430186718566e+18,-3.842879284342197e-05
39627927360374926,main,bright,2305843017803628544,230.557171221556,5.71919014851031,-8.029327388401302e-05,0,STAR,DESI J230.5571+05.7191,3.962792736037493e+16,-8.029327388401302e-05
39628478244458600,main,bright,2305843009213693952,9.735442980587266,29.93757521470913,-9.254501287234237e-05,0,STAR,DESI J009.7354+29.9375,3.96284782444586e+16,-9.254501287234237e-05
39627769226724348,main,bright,2305843009213693952,156.0449055963759,-0.6596979594052294,6.921548774367772e-05,0,STAR,DESI J156.0449-00.6597,3.962776922672435e+16,6.921548774367772e-05
2305843038225701774,main,backup,2305843009213693952,183.8710839229467,4.65748042375233,5.054731510435227e-05,0,STAR,DESI J183.8710+04.6574,2.305843038225702e+18,5.0547315104352274e-05
39627643204669461,main,bright,2305843017803628544,194.500895408147,-6.114621328244159,0.0006998620105091844,0,STAR,DESI J194.5008-06.1146,3.9627643204669464e+16,0.0006998620105091844
39633266474484947,main,bright,2305843009213693952,102.0521707408915,51.30898203037265,4.146067385404834e-05,0,STAR,DESI J102.0521+51.3089,3.963326647448494e+16,4.146067385404834e-05
2305843020894833076,main,backup,2305843009213693952,192.1530629645086,51.48067467869395,-0.0001050637071559924,0,STAR,DESI J192.1530+51.4806,2.305843020894833e+18,-0.00010506370715599235
39627796762329989,main,bright,2305843009213693952,357.2735211728118,0.1694017853165416,1.404854292107542e-05,0,STAR,DESI J357.2735+00.1693,3.962779676232999e+16,1.4048542921075415e-05
2305843041690237495,main,backup,2305843009213693952,247.6395591209002,-0.2326781209617061,-0.0002038286093239866,0,STAR,DESI J247.6395-00.2326,2.3058430416902374e+18,-0.00020382860932398656
39627901607346930,main,bright,2305843009213693952,130.3982089415947,4.691999770155125,3.971879822867164e-05,0,STAR,DESI J130.3982+04.6920,3.962790160734693e+16,3.971879822867164e-05
2305843019422639208,main,backup,2305843009213693952,234.8506539719576,31.90631872899449,-0.0009499307595258107,0,STAR,DESI J234.8506+31.9062,2.305843019422639e+18,-0.0009499307595258107
39628240154794402,main,bright,2305843009213693952,261.5338014333392,19.11615831840917,0.0001564130815716947,0,STAR,DESI J261.5338+19.1161,3.96282401547944e+16,0.00015641308157169465
39627643200474594,main,bright,2305843009213693952,194.2187509605305,-6.09914072074968,-0.0001963733728054468,0,STAR,DESI J194.2187-06.0991,3.962764320047459e+16,-0.00019637337280544684
39628287588172899,main,bright,2305843009213693952,27.12613773584712,21.1456490939707,6.651370623572973e-05,0,STAR,DESI J027.1261+21.1456,3.96282875881729e+16,6.651370623572973e-05
2305843036321491568,main,backup,2305843009213693952,201.4893820013976,-1.10707096831694,-8.366359588120037e-05,0,STAR,DESI J201.4893-01.1070,2.3058430363214915e+18,-8.366359588120037e-05
39627841817544431,main,bright,2305843009213693952,162.8320613426619,2.243581309105379,1.034644070888536e-05,0,STAR,DESI J162.8320+02.2435,3.962784181754443e+16,1.0346440708885357e-05
39627841532330290,main,bright,2305843009213693952,145.7610064025025,2.17985189601802,0.0004250042781289821,0,STAR,DESI J145.7609+02.1798,3.962784153233029e+16,0.00042500427812898207
39627910671238318,main,bright,2305843009213693952,312.1489668598402,5.0207241722355,-7.311656114759022e-05,0,STAR,DESI J312.1489+05.0207,3.962791067123832e+16,-7.311656114759022e-05
39627793792763168,main,bright,2305843009213693952,180.307445298477,0.2906601370253912,7.354621390000497e-05,0,STAR,DESI J180.3074+00.2906,3.962779379276317e+16,7.354621390000497e-05
39627835635139850,main,bright,2305843009213693952,154.3231290941933,1.904097802155858,0.000216421271373414,0,STAR,DESI J154.3231+01.9041,3.962783563513985e+16,0.000216421271373414
2305843018629917972,main,backup,2305843009213693952,228.3314188788385,24.78194304661754,-0.0002627058180104348,0,STAR,DESI J228.3314+24.7819,2.305843018629918e+18,-0.0002627058180104348
39633247268766329,main,bright,2305843009213693952,106.4961836588735,50.10615629053098,0.0002317168261324572,0,STAR,DESI J106.4961+50.1061,3.963324726876633e+16,0.00023171682613245715
39627945035174236,main,dark,2305843052163366912,209.3701732805375,6.530511763346356,0.0003259829018145809,0,STAR,DESI J209.3701+06.5305,3.962794503517424e+16,0.00032598290181458085
39627497372909765,main,dark,2305843017803628544,37.53624581708561,-12.01617636608041,0.000416185663519302,0,STAR,DESI J037.5362-12.0161,3.962749737290977e+16,0.000416185663519302
2305843031846264717,main,backup,2305843009213693952,121.1860987802882,-10.0349718326407,8.544803779125506e-05,0,STAR,DESI J121.1861-10.0349,2.305843031846265e+18,8.544803779125506e-05
2305843036837380956,main,backup,2305843009213693952,187.4376600308813,4.249371904892814,-1.426946645275884e-05,0,STAR,DESI J187.4376+04.2493,2.305843036837381e+18,-1.4269466452758836e-05
39627773727212992,main,bright,2305843009213693952,64.32383157758522,-0.381890246625791,-5.362727077642799e-05,0,STAR,DESI J064.3238-00.3818,3.962777372721299e+16,-5.362727077642799e-05
39627887183139443,main,bright,2305843009213693952,348.9628803651899,4.033972922127207,-9.188636485048131e-05,0,STAR,DESI J348.9628+04.0339,3.962788718313944e+16,-9.188636485048131e-05
39628471101558991,main,bright,2305843009213693952,240.4351511548397,29.44079376302912,-0.0002116559903656277,0,STAR,DESI J240.4351+29.4407,3.962847110155899e+16,-0.00021165599036562766
39633476785275313,main,bright,6917529044820951040,185.4887293508684,68.40948423463877,1.350506716857042,4,GALAXY,DESI J185.4888+68.4094,3.963347678527531e+16,1.3505067168570422
39627963695628405,main,bright,2305843009213693952,248.4783477016811,7.154984249576546,-0.0001543171043633458,0,STAR,DESI J248.4783+07.1549,3.962796369562841e+16,-0.0001543171043633458
2305843018738962789,main,backup,2305843009213693952,230.7062101751305,34.17920591204302,8.030312464127592e-05,0,GALAXY,DESI J230.7062+34.1792,2.305843018738963e+18,8.030312464127592e-05
39633389673775184,main,bright,2305843009213693952,129.8703461320086,60.19189370957047,-1.837340691389882e-05,0,STAR,DESI J129.8703+60.1918,3.963338967377518e+16,-1.8373406913898818e-05
39627817331197677,main,bright,2305843009213693952,143.3359394419278,1.321206636595853,0.0001143967801777701,0,STAR,DESI J143.3359+01.3212,3.962781733119768e+16,0.00011439678017777006
39628190242574451,main,bright,2305843009213693952,19.05585194398054,17.0782838514449,-0.0002605195973347689,0,STAR,DESI J019.0558+17.0782,3.962819024257445e+16,-0.0002605195973347689
2305843015622592396,main,backup,2305843009213693952,166.3192131620548,60.33981745778025,8.879189925659947e-05,0,STAR,DESI J166.3192+60.3398,2.3058430156225925e+18,8.879189925659947e-05
39628460825510825,main,bright,2305843009213693952,259.0643757158912,29.12492613719616,-0.000154117204813433,0,STAR,DESI J259.0643+29.1249,3.9628460825510824e+16,-0.000154117204813433
39628199688147826,main,bright,2305843009213693952,247.3311135877021,17.37176685987174,9.828750323537896e-05,0,STAR,DESI J247.3311+17.3717,3.962819968814782e+16,9.828750323537896e-05
39628257204636283,main,bright,2305843052163366912,256.975838116115,19.74621749329804,-1.920488120877321e-06,0,STAR,DESI J256.9758+19.7462,3.962825720463628e+16,-1.9204881208773213e-06
2305843038225699869,main,backup,2305843009213693952,183.3555036763967,5.060493463383652,1.78990086959497e-05,0,STAR,DESI J183.3555+05.0605,2.3058430382257e+18,1.78990086959497e-05
39632930208744535,main,dark,4611686018427391526,158.499438887848,32.56623020903245,1.732729067753205,0,QSO,DESI J158.4994+32.5662,3.9632930208744536e+16,1.732729067753205
39633469625598919,main,dark,1028,130.4681885746066,67.73067944929933,2.770779198995849,0,QSO,DESI J130.4681+67.7306,3.963346962559892e+16,2.7707791989958492
39632935661341580,main,dark,4611686018427388932,183.4980916603416,32.74209235340431,1.316799210215402,0,QSO,DESI J183.4980+32.7420,3.963293566134158e+16,1.3167992102154018
39627640109272866,main,dark,262148,9.164323517560888,-5.90950811094846,1.493594935421161,0,QSO,DESI J009.1643-05.9095,3.962764010927286e+16,1.493594935421161
39633015592192489,main,dark,3622,210.4010469388138,36.73075700238433,0.7888215356325401,0,GALAXY,DESI J210.4010+36.7307,3.963301559219249e+16,0.7888215356325401
39628166448288984,main,dark,4611686018428305446,342.3272123208897,15.85896018467665,2.117096330429097,0,QSO,DESI J342.3271+15.8589,3.9628166448288984e+16,2.1170963304290966
39627850977906413,main,dark,262148,348.9290199599197,2.449059927269452,1.341571513060113,0,QSO,DESI J348.9290+02.4490,3.962785097790642e+16,1.3415715130601131
39633068767576624,main,dark,4611686018427391526,271.1562559384508,39.38725362248327,2.254236489202029,0,QSO,DESI J271.1562+39.3873,3.963306876757662e+16,2.254236489202029
39632994914274477,main,dark,1028,125.8837971234685,35.69507499005922,0.2391774173865315,0,GALAXY,DESI J125.8837+35.6950,3.963299491427448e+16,0.23917741738653153
39628096848003867,main,dark,262148,24.40269702540104,13.06079715405955,-0.0006043638070598347,0,STAR,DESI J024.4027+13.0607,3.9628096848003864e+16,-0.0006043638070598347
39627875699136303,main,dark,4611686018428305446,23.44118492760822,3.793206081847852,0.8511004433686695,2,QSO,DESI J023.4411+03.7932,3.96278756991363e+16,0.8511004433686695
39628324401581906,main,dark,917542,229.739218203975,22.74575224030361,2.163953727444155,0,QSO,DESI J229.7392+22.7457,3.96283244015819e+16,2.163953727444155
39627849375683525,main,dark,917542,253.3900563713795,2.502228267154062,0.8397069410262578,0,GALAXY,DESI J253.3900+02.5022,3.962784937568353e+16,0.8397069410262578
39627631720667130,main,dark,262148,226.4618014633171,-6.537548043503378,0.4824993351705843,4,GALAXY,DESI J226.4617-06.5373,3.962763172066713e+16,0.4824993351705843
39627866865927890,main,dark,262148,216.1440163026487,3.288873634512035,3.198675543756345,0,QSO,DESI J216.1440+03.2888,3.962786686592789e+16,3.198675543756345
39627766773059267,main,dark,2305843009213956100,9.844868672688676,-0.7360832216743567,2.176464187490796,0,QSO,DESI J009.8448-00.7360,3.962776677305926e+16,2.176464187490796
39628512872630532,main,dark,917542,245.6964604319624,31.46387954399775,1.193343951560346,0,GALAXY,DESI J245.6964+31.4638,3.962851287263053e+16,1.1933439515603457
39627941134472193,main,dark,917542,335.5909506204524,6.220079722644654,0.2076523916572023,0,GALAXY,DESI J335.5909+06.2200,3.962794113447219e+16,0.2076523916572023
39627741699508425,main,dark,262148,315.3167696833209,-1.992546253269206,-0.001457923701417625,0,GALAXY,DESI J315.3167-01.9925,3.9627741699508424e+16,-0.0014579237014176252
39627598292060185,main,dark,262148,20.28441100901279,-7.871136132184813,2.623960022101195,0,QSO,DESI J020.2844-07.8711,3.9627598292060184e+16,2.6239600221011954
39627670346011791,main,dark,4611686018427650052,17.96259779051491,-4.712706806417558,-0.000471779814876268,0,STAR,DESI J017.9626-04.7126,3.962767034601179e+16,-0.00047177981487626805
39633089923645679,main,dark,1028,116.1763350215667,40.73277809548765,1.354552698007931,0,GALAXY,DESI J116.1763+40.7327,3.963308992364568e+16,1.3545526980079305
39628486314296839,main,dark,4611686018428305446,204.348801794183,30.36686230638139,1.663101204425324,0,QSO,DESI J204.3488+30.3668,3.962848631429684e+16,1.6631012044253242
39628367783265099,main,dark,4611686018427650052,170.155826146269,24.76602604486233,2.202066296222049,0,QSO,DESI J170.1558+24.7660,3.9628367783265096e+16,2.202066296222049
39628079122874589,main,dark,917542,23.28050611155544,12.31628920940013,1.095465806190528,0,GALAXY,DESI J023.2805+12.3162,3.962807912287459e+16,1.0954658061905276
39627717452243223,main,dark,4611686018427650052,310.2317691796904,-3.101198984810143,1.840304301158582,0,QSO,DESI J310.2317-03.1012,3.9627717452243224e+16,1.8403043011585816
39627859882411215,main,dark,4611686018427650052,159.5700905271106,2.972100187919382,0.8969813794706211,0,QSO,DESI J159.5700+02.9721,3.962785988241122e+16,0.8969813794706211
39627532613452296,main,dark,262148,17.54102666996323,-10.55507447531611,-0.0003539714804876489,0,STAR,DESI J017.5409-10.5550,3.9627532613452296e+16,-0.00035397148048764887
39627973967482424,main,dark,262148,145.3745530576741,7.706150641581001,3.144875105757976,0,QSO,DESI J145.3745+07.7061,3.9627973967482424e+16,3.1448751057579756
39627778638743264,main,dark,262148,357.0497638904262,-0.4504161278235967,1.179512344795188,4,GALAXY,DESI J357.0497-00.4504,3.962777863874326e+16,1.1795123447951876
39632996164176974,main,dark,4611686018427388932,217.4312704606632,35.63734200158969,2.587219939005734,0,QSO,DESI J217.4312+35.6373,3.963299616417698e+16,2.5858470062962398
39633009837607674,main,dark,6917529027641082884,143.9521200290656,36.52273778227643,2.993778532028101,0,QSO,DESI J143.9520+36.5227,3.963300983760767e+16,2.9937785320281005
39633144952915731,main,dark,4611686018427391526,213.6253357161848,43.6277787937312,1.972545069887758,0,QSO,DESI J213.6253+43.6277,3.963314495291573e+16,1.9725450698877578
39633256613677877,main,dark,1028,254.1735474388083,50.59245490344059,1.290737216279791,0,GALAXY,DESI J254.1734+50.5924,3.963325661367788e+16,1.2907372162797908
39628145917168872,main,dark,262148,154.8367467947477,15.08205775953634,1.328752575115843,4,GALAXY,DESI J154.8367+15.0820,3.962814591716887e+16,1.3287525751158433
39627872909918238,main,dark,4611686018428305446,216.8011673045199,3.464417126964445,2.056253920312431,0,QSO,DESI J216.8011+03.4644,3.962787290991824e+16,2.056253920312431
39632991395251787,main,dark,4611686018427388932,228.4852767550514,35.47424223178722,1.39858918333624,0,QSO,DESI J228.4852+35.4742,3.9632991395251784e+16,1.3985891833362398
39628065122291190,main,dark,262148,251.7543251297814,11.55714591883793,-3.426679936376665e-05,0,STAR,DESI J251.7543+11.5571,3.962806512229119e+16,-3.4266799363766654e-05
39627592776553031,main,dark,4611686018428305446,48.90015350608559,-8.124757563152714,2.308671013264359,0,QSO,DESI J048.9001-08.1247,3.962759277655303e+16,2.3086710132643593
39633009535615906,main,dark,3622,121.4135536940539,36.55511364917171,1.053213699417079,0,GALAXY,DESI J121.4135+36.5551,3.96330095356159e+16,1.053213699417079
39627903666749687,main,dark,4611686018427650052,253.4596775746696,4.733290838316734,1.345430953592029,0,QSO,DESI J253.4596+04.7333,3.962790366674969e+16,1.345430953592029
39628227035009047,main,dark,262148,157.0988808391869,18.46665835392595,-0.0002169180930204603,0,STAR,DESI J157.0988+18.4666,3.962822703500905e+16,-0.00021691809302046034
39627826432843290,main,dark,262148,325.9534375912885,1.447720489474664,0.8929791289407741,0,QSO,DESI J325.9534+01.4476,3.962782643284329e+16,0.8929791289407741
39627604822590439,main,dark,4611686018428305446,52.66470304286446,-7.520027886198031,1.933636295337379,0,QSO,DESI J052.6646-07.5200,3.962760482259044e+16,1.9336362953373787
39627845898603099,main,dark,4611686018428305446,46.11937594915497,2.408849761469181,1.637042590530281,0,GALAXY,DESI J046.1193+02.4088,3.9627845898603096e+16,1.6370425905302808
39628005596728247,main,dark,262148,249.1098149709658,8.937265152927996,3.460515698527119,0,QSO,DESI J249.1098+08.9372,3.962800559672825e+16,3.4605156985271193
39633216943950797,main,dark,4611686018427391526,241.3892079196439,47.90467093913813,2.068067634628191,0,QSO,DESI J241.3892+47.9046,3.96332169439508e+16,2.0680676346281905
39628270492190924,main,dark,4611686018427650052,18.51710904379968,20.4096879335336,1.162171441666475,0,QSO,DESI J018.5171+20.4096,3.962827049219093e+16,1.1621714416664746
39628237936002594,main,dark,917542,121.7304381070543,18.94676787114475,1.111620186468658,0,GALAXY,DESI J121.7304+18.9468,3.962823793600259e+16,1.1116201864686581
39627703330016774,main,dark,4611686018427650052,187.669581347961,-3.486425161000978,1.839144250173883,0,QSO,DESI J187.6695-03.4864,3.9627703330016776e+16,1.839144250173883
39627766919856307,main,dark,4611686018427650052,18.503123230651,-0.825002819375329,1.609942760849531,4,GALAXY,DESI J018.5031-00.8249,3.96277669198563e+16,1.6099427608495307
39627904757270753,main,dark,262148,318.7195131881192,4.847865914715699,2.825175574337493,0,QSO,DESI J318.7194+04.8478,3.962790475727075e+16,2.825175574337493
39627841578468761,main,dark,4611686018427650052,148.5613826513884,2.266379348622696,1.313778172987266,0,QSO,DESI J148.5613+02.2663,3.962784157846876e+16,1.3128873676358097
39627565408716248,main,dark,262148,200.0772820981042,-9.280594137856518,1.452094999530315,0,QSO,DESI J200.0772-09.2805,3.962756540871625e+16,1.4520949995303147
39627769600019533,main,dark,4611686018427650052,178.3860332289244,-0.7303309798347263,1.194802773178258,0,QSO,DESI J178.3859-00.7303,3.962776960001954e+16,1.1948027731782578
39633268210928273,main,dark,1028,267.0422467661792,51.23606215509094,1.362392056875099,0,QSO,DESI J267.0422+51.2360,3.963326821092827e+16,1.3623920568750993
39633095866975893,main,dark,4611686018427388932,223.4151322620673,40.9532194937693,1.299423173164997,0,QSO,DESI J223.4150+40.9532,3.9633095866975896e+16,1.2994231731649974
39627565035421878,main,dark,262148,177.4766155690952,-9.278072269289696,-0.0004516941487768619,0,STAR,DESI J177.4766-09.2780,3.962756503542188e+16,-0.0004516941487768619
39627811685667769,main,dark,262148,166.9783052471455,1.002202218217488,1.494049288778055,0,GALAXY,DESI J166.9783+01.0022,3.962781168566777e+16,1.4940492887780552
39633058625750896,main,dark,3686,212.2324290580947,39.01572805240658,1.820531186900758,0,QSO,DESI J212.2324+39.0157,3.96330586257509e+16,1.8205311869007579
39627696627519192,main,dark,262148,147.6331505024391,-3.845609595024963,2.710625287555781,0,QSO,DESI J147.6331-03.8456,3.962769662751919e+16,2.7106252875557812
39637043512348418,main,dark,262148,359.1205153239678,19.16323030826585,0.9498446631478,0,GALAXY,DESI J359.1205+19.1632,3.963704351234842e+16,0.9498446631478
39628161431899522,main,dark,4611686018427650052,32.11227620534549,15.83450106436186,2.459633332543691,0,QSO,DESI J032.1122+15.8344,3.962816143189952e+16,2.459633332543691
39627715426388138,main,dark,4611686018428305446,189.3521128096091,-3.060254829838944,1.640540047310894,0,QSO,DESI J189.3520-03.0602,3.9627715426388136e+16,1.6405400473108938
39627769616793920,main,dark,4611686018427650052,179.2605163479888,-0.7930937781252407,1.27536844528973,0,QSO,DESI J179.2605-00.7931,3.962776961679392e+16,1.2748700292031023
39628004732702956,main,dark,262148,197.1407239105697,8.905622439803116,1.349283249364762,4,GALAXY,DESI J197.1407+08.9056,3.962800473270296e+16,1.3492832493647617
39628343447912547,main,dark,4611686018427650052,22.63860615786274,23.64164988703229,1.556601048904834,0,QSO,DESI J022.6385+23.6416,3.962834344791254e+16,1.556601048904834
39627380712539999,main,dark,262148,58.31639806221551,-17.08131260297685,3.201947036294186,0,QSO,DESI J058.3163-17.0813,3.962738071254e+16,3.2019470362941855
39627818581101549,main,dark,262148,217.8658667677082,1.319646994844378,5.090089462251306e-05,4,STAR,DESI J217.8658+01.3196,3.962781858110155e+16,0.00014601101722713176
39633414323701010,main,dark,1028,290.687374368274,62.27891231925152,-0.0004623496920731857,0,GALAXY,DESI J290.6873+62.2789,3.963341432370101e+16,-0.0004623496920731857
39628060793766253,main,dark,262148,348.5593533227359,11.33863152260922,1.419581276056295,0,QSO,DESI J348.5593+11.3386,3.962806079376626e+16,1.4195812760562951
39627537743088989,main,dark,262148,328.1644051418402,-10.54289375802358,0.9502302784336794,4,GALAXY,DESI J328.1644-10.5428,3.962753774308899e+16,0.9502302784336794
39627672489297956,main,dark,4611686018427650052,146.0047171557309,-4.871889678548678,1.533472802946373,0,QSO,DESI J146.0047-04.8719,3.962767248929795e+16,1.5334728029463727
39633335084911212,main,dark,1028,123.2765148295267,55.91660068014539,0.9495855424362425,0,GALAXY,DESI J123.2764+55.9166,3.963333508491122e+16,0.9495855424362425
39633304969807702,main,dark,4611686018427391526,255.863873083021,53.85506827876052,2.312331208690054,0,QSO,DESI J255.8638+53.8550,3.9633304969807704e+16,2.312331208690054
39628047430714768,main,dark,4611686018427650052,258.0926854311635,10.67433178522963,-2.773779248932988e-05,0,STAR,DESI J258.0926+10.6743,3.962804743071477e+16,-2.7737792489329875e-05
39627682329133778,main,dark,917542,14.03984220574455,-4.268341625325071,2.521479314349835,0,QSO,DESI J014.0398-04.2683,3.962768232913378e+16,2.521479314349835
39628143669019570,main,dark,262148,16.07769513625163,14.99413759188591,0.375545874504466,0,GALAXY,DESI J016.0777+14.9941,3.962814366901957e+16,0.37554587450446597
39633414327898077,main,dark,4611686018427391526,291.4497689188479,62.28199863241985,2.612200428676327,0,QSO,DESI J291.4496+62.2819,3.963341432789808e+16,2.6122004286763265
39627782233263819,main,dark,262148,211.445156619137,-0.126113972667255,0.0001747324494200419,0,STAR,DESI J211.4451-00.1260,3.9627782233263816e+16,0.00017473244942004188
39627727136883055,main,dark,917542,167.2681875856938,-2.387670841042528,0.8674471222511654,0,GALAXY,DESI J167.2681-02.3876,3.962772713688306e+16,0.8674471222511654
39628071153698795,main,dark,917542,258.3305907816498,11.78856695415805,1.545131076747307,0,GALAXY,DESI J258.3306+11.7885,3.962807115369879e+16,1.5451310767473072
39627721017394212,main,dark,4611686018428305446,162.5432987892333,-2.648277196388264,2.248360021684678,0,QSO,DESI J162.5432-02.6482,3.962772101739421e+16,2.248360021684678
39628016657108872,main,dark,917542,196.6423230971649,9.383824613157197,2.392224099330638,0,QSO,DESI J196.6423+09.3838,3.962801665710887e+16,2.3922240993306376
39627503274302457,main,dark,917542,36.92299577627517,-11.67540584095218,0.3885499083840496,4,GALAXY,DESI J036.9229-11.6754,3.9627503274302456e+16,0.38854990838404957
39628120671651351,main,dark,917542,42.63514700137932,13.97031269350409,2.323087152459478,0,QSO,DESI J042.6351+13.9703,3.962812067165135e+16,2.3230871524594776
39628147716531432,main,dark,4611686018427650052,265.8246876407013,15.06072202933618,1.233876280110366,0,GALAXY,DESI J265.8246+15.0607,3.962814771653143e+16,1.2338762801103664
39627625026557010,main,dark,4611686018427650052,185.2779030747478,-6.724310268746618,1.397143496777695,0,QSO,DESI J185.2778-06.7243,3.962762502655701e+16,1.3971434967776948
39628139663461592,main,dark,4611686018427650052,129.5489366472933,14.69437888553964,0.9548549130637107,0,GALAXY,DESI J129.5489+14.6943,3.962813966346159e+16,0.9548549130637107
39627938831797752,main,dark,262148,197.5067217101705,6.153503665471617,1.07721328377044,4,GALAXY,DESI J197.5067+06.1535,3.962793883179775e+16,1.07721328377044
39627953289564984,main,dark,262148,344.1586734682385,6.632719348254376,1.669440046509917,4,GALAXY,DESI J344.1586+06.6327,3.9627953289564984e+16,1.6694400465099173
39628087318546894,main,dark,4611686018428305446,162.9833041778454,12.54579807423167,2.14406415626677,0,QSO,DESI J162.9832+12.5457,3.96280873185469e+16,2.1440641562667704
39627491584775737,main,dark,4611686018427650052,44.92558109908254,-12.3627887153456,1.565104784456778,0,QSO,DESI J044.9255-12.3628,3.9627491584775736e+16,1.5651047844567783
39627925913341653,main,dark,4611686018427650052,144.0318220598941,5.740066426809761,1.42242367300439,0,QSO,DESI J144.0318+05.7400,3.9627925913341656e+16,1.4224236730043904
39627842853540745,main,dark,262148,224.7250457296011,2.326194541510041,0.9573849813958037,0,GALAXY,DESI J224.7250+02.3262,3.9627842853540744e+16,0.9573849813958037
39627770770231775,main,dark,262148,248.1585958174541,-0.8115716466004774,1.423644357211934,0,GALAXY,DESI J248.1585-00.8115,3.962777077023178e+16,1.4236443572119342
39628170076359473,main,dark,4611686018428305446,206.8979864225721,16.0022532821553,2.015931113532957,0,QSO,DESI J206.8979+16.0022,3.962817007635947e+16,2.0159311135329565
39627749085682303,main,dark,262148,35.71158350645271,-1.526779255297235,0.2094799710619677,0,GALAXY,DESI J035.7115-01.5267,3.96277490856823e+16,0.20947997106196767
39628313492197860,main,dark,4611686018427650052,246.6122870745201,22.32559125764712,1.287415180987558,0,GALAXY,DESI J246.6122+22.3255,3.962831349219786e+16,1.2874151809875576
39633091681062278,main,dark,4611686018427391526,254.2859762388047,40.74595983308733,2.329220127846998,0,QSO,DESI J254.2859+40.7459,3.963309168106228e+16,2.3292201278469977
39628526671893096,main,dark,262148,132.1773539585486,32.19749814539088,0.8690181664743724,0,GALAXY,DESI J132.1773+32.1974,3.9628526671893096e+16,0.8690181664743724
39627461784245872,main,dark,262148,24.28923210116454,-13.54384171003873,0.2540593559264742,0,GALAXY,DESI J024.2892-13.5438,3.962746178424587e+16,0.25405935592647416
39628214959605575,main,dark,4611686018427650052,120.516865863686,18.05931367865341,0.837707282035548,0,GALAXY,DESI J120.5168+18.0593,3.9628214959605576e+16,0.837707282035548
39627841221952930,main,dark,4611686018427650052,127.3139177690275,2.173229657359965,1.710465787317518,0,QSO,DESI J127.3139+02.1732,3.962784122195293e+16,1.7104657873175177
